Year,Position,n,avg_height,avg_weight,avg_40dash,avg_vert,avg_benchp,avg_broadj,avg_3cone,avg_20shut
2000,C,4,75.25,292.5,5.1425,30.333333333333332,21.0,103.33333333333333,7.525,4.574999999999999
2000,CB,34,70.91176470588235,192.3235294117647,4.5194117647058825,36.02,14.476190476190476,119.33333333333333,6.9504347826086965,4.1477272727272725
2000,DE,21,75.47619047619048,272.5238095238095,4.902999999999999,32.46875,24.714285714285715,112.25,7.441428571428571,4.46
2000,DT,27,75.0,300.51851851851853,5.083703703703704,29.571428571428573,26.0,103.19047619047619,7.608421052631579,4.603684210526315
2000,FB,10,72.2,243.3,4.812,32.0,22.333333333333332,112.0,7.405714285714287,4.484285714285714
2000,ILB,13,73.61538461538461,245.15384615384616,4.7907692307692304,32.15,19.7,112.22222222222223,7.184444444444444,4.293333333333333
2000,OG,24,75.625,310.25,5.319166666666667,28.18421052631579,23.894736842105264,98.6842105263158,8.001111111111111,4.7976470588235305
2000,OLB,23,74.47826086956522,240.7391304347826,4.672173913043479,33.46153846153846,20.923076923076923,115.0,7.28,4.291818181818182
2000,OT,20,76.95,320.35,5.360500000000001,27.0,23.526315789473685,98.4375,7.925333333333333,4.810666666666666
2000,QB,18,73.83333333333333,215.61111111111111,4.938888888888889,29.807692307692307,,104.3125,7.359999999999999,4.423333333333333
2000,RB,34,70.8529411764706,212.97058823529412,4.584411764705883,34.1875,18.476190476190474,117.96153846153847,6.998571428571428,4.2385714285714275
2000,S,24,71.66666666666667,200.5,4.5804166666666655,36.35294117647059,14.842105263157896,118.27777777777777,6.930000000000001,4.228888888888891
2000,TE,15,76.33333333333333,255.93333333333334,4.824,32.63636363636363,19.75,112.9090909090909,7.132222222222222,4.296666666666667
2000,WR,45,72.68888888888888,197.15555555555557,4.563777777777778,35.03125,,118.84848484848484,7.036153846153847,4.1644000000000005
2001,C,9,75.11111111111111,299.55555555555554,5.284444444444445,30.714285714285715,24.142857142857142,102.42857142857143,7.888571428571429,4.6
2001,CB,35,70.77142857142857,192.62857142857143,4.548857142857143,37.092592592592595,12.714285714285714,119.96428571428571,7.136666666666664,4.194285714285714
2001,DE,30,75.76666666666667,268.2,4.881333333333332,34.525,23.25,115.4,7.424736842105263,4.348947368421052
2001,DT,24,75.04166666666667,305.1666666666667,5.084583333333334,30.2,25.916666666666668,102.72727272727273,7.835454545454545,4.633636363636364
2001,FB,7,71.57142857142857,251.28571428571428,4.797142857142857,31.75,23.333333333333332,110.16666666666667,7.566666666666667,4.378333333333334
2001,ILB,12,73.58333333333333,244.66666666666666,4.72,36.416666666666664,24.0,114.66666666666667,7.389999999999999,4.353999999999999
2001,OG,35,75.97142857142858,306.9428571428571,5.325142857142857,30.446428571428573,23.64516129032258,101.77777777777777,8.02818181818182,4.7073913043478255
2001,OLB,14,73.35714285714286,237.78571428571428,4.7335714285714285,34.333333333333336,20.272727272727273,113.5,7.351249999999999,4.284444444444444
2001,OT,17,77.3529411764706,325.1764705882353,5.3211764705882345,30.4,24.928571428571427,100.5,8.075454545454544,4.7345454545454535
2001,QB,18,73.88888888888889,220.11111111111111,4.791666666666666,33.7,,110.0,7.308666666666667,4.319333333333333
2001,RB,20,70.55,212.7,4.534999999999998,35.61538461538461,16.642857142857142,117.92307692307692,7.2011111111111115,4.234444444444445
2001,S,24,72.20833333333333,207.79166666666666,4.592083333333334,35.92857142857143,16.352941176470587,117.85714285714286,7.153076923076924,4.147
2001,TE,20,75.75,254.0,4.869999999999999,33.38235294117647,17.333333333333332,110.125,7.3825,4.34
2001,WR,46,72.17391304347827,196.3913043478261,4.516739130434782,37.33870967741935,,119.5625,7.137142857142858,4.111363636363636
2002,C,11,74.81818181818181,297.6363636363636,5.205454545454544,30.25,28.1,101.2,7.646000000000001,4.593
2002,CB,27,71.03703703703704,192.74074074074073,4.515925925925926,36.642857142857146,12.35,119.68181818181819,6.999166666666667,4.1669230769230765
2002,DE,24,76.0,269.0,4.801666666666667,34.411764705882355,24.85,114.4375,7.3306249999999995,4.354375
2002,DT,19,75.57894736842105,302.0,5.057368421052632,30.535714285714285,26.928571428571427,104.71428571428571,7.585000000000001,4.515000000000001
2002,FB,12,72.75,243.83333333333334,4.733333333333333,33.7,22.181818181818183,116.2,7.27,4.308888888888889
2002,ILB,13,74.3076923076923,244.0,4.781538461538462,34.05,22.22222222222222,114.8,7.081666666666667,4.22
2002,OG,26,75.73076923076923,317.65384615384613,5.335769230769232,27.543478260869566,25.85,98.3157894736842,8.127894736842107,4.854210526315789
2002,OLB,20,73.95,239.9,4.662000000000001,35.473684210526315,22.38888888888889,117.77777777777777,7.0994117647058825,4.206249999999999
2002,OT,15,77.8,320.6,5.300000000000001,29.0,26.2,103.4,7.86875,4.7562500000000005
2002,QB,14,74.21428571428571,220.64285714285714,4.809285714285715,32.625,,109.75,7.103333333333334,4.18
2002,RB,36,70.80555555555556,214.16666666666666,4.58861111111111,34.93333333333333,18.933333333333334,115.73333333333333,7.071052631578947,4.186470588235294
2002,S,31,72.6774193548387,209.6451612903226,4.582258064516129,36.0625,18.791666666666668,120.75,6.943529411764707,4.069375
2002,TE,22,76.0909090909091,255.54545454545453,4.784285714285714,32.78947368421053,18.88235294117647,112.61111111111111,7.194615384615385,4.245000000000001
2002,WR,37,72.45945945945945,198.0,4.501351351351351,36.645833333333336,,120.8695652173913,6.917272727272729,4.084999999999999
2003,C,12,74.91666666666667,301.25,5.261666666666667,27.6,24.833333333333332,101.8,8.041999999999998,4.659999999999999
2003,CB,25,70.84,193.52,4.481599999999999,36.0,14.333333333333334,122.82608695652173,7.009500000000001,4.108421052631578
2003,DE,30,75.3,270.8,4.853666666666666,33.23809523809524,23.91304347826087,113.5909090909091,7.554666666666666,4.502666666666667
2003,DT,22,74.5,303.90909090909093,5.103181818181818,29.583333333333332,27.071428571428573,104.64285714285714,7.734,4.641818181818182
2003,FB,8,71.875,245.75,4.68875,32.857142857142854,22.714285714285715,112.0,7.460000000000001,4.359999999999999
2003,ILB,19,73.05263157894737,242.52631578947367,4.819473684210526,32.125,22.846153846153847,112.64285714285714,7.415384615384614,4.359230769230769
2003,OG,25,76.28,317.4,5.3228,28.068181818181817,24.5,99.36363636363636,8.180000000000001,4.8619047619047615
2003,OLB,13,73.53846153846153,235.6153846153846,4.647692307692307,35.0,23.11111111111111,119.0,7.146666666666667,4.276666666666667
2003,OT,29,77.48275862068965,314.3103448275862,5.2444827586206895,29.38,24.55,100.8,8.097826086956523,4.727391304347827
2003,QB,16,74.4375,218.75,4.8168750000000005,32.27272727272727,,109.27272727272727,7.233333333333334,4.223333333333333
2003,RB,24,71.25,221.5,4.556666666666667,34.35,21.333333333333332,118.63636363636364,7.314285714285715,4.335000000000001
2003,S,22,72.45454545454545,207.0,4.557272727272728,35.583333333333336,16.5,119.94444444444444,7.074375,4.1725
2003,TE,21,76.28571428571429,257.6666666666667,4.797142857142858,34.13157894736842,20.5,114.52941176470588,7.319333333333333,4.385
2003,WR,39,73.07692307692308,204.23076923076923,4.537948717948718,35.6551724137931,,120.46428571428571,7.118846153846155,4.208000000000001
2004,C,10,75.1,301.9,5.284,28.3125,26.375,98.11111111111111,7.815555555555556,4.537777777777778
2004,CB,29,70.86206896551724,192.0,4.482758620689655,36.404761904761905,12.68421052631579,120.76190476190476,7.015,4.087142857142857
2004,DE,30,75.9,266.5,4.804333333333333,33.0625,23.5,115.04347826086956,7.315882352941176,4.321
2004,DT,31,75.12903225806451,310.741935483871,5.101935483870968,28.891304347826086,27.692307692307693,104.54545454545455,7.850526315789475,4.620555555555555
2004,FB,6,72.5,246.5,4.83,32.0,24.6,112.83333333333333,7.42,4.276
2004,ILB,9,74.0,240.88888888888889,4.717777777777778,34.166666666666664,25.0,115.33333333333333,7.082857142857143,4.028571428571429
2004,OG,18,76.16666666666667,314.94444444444446,5.398333333333332,27.692307692307693,24.8,100.84615384615384,7.985714285714286,4.763571428571429
2004,OLB,30,73.1,233.46666666666667,4.6303333333333345,35.13157894736842,23.3,116.05,7.123125,4.13157894736842
2004,OT,23,77.95652173913044,318.30434782608694,5.274347826086957,28.69047619047619,25.894736842105264,102.76190476190476,7.92,4.650500000000001
2004,QB,21,75.0,229.52380952380952,4.890476190476191,30.346153846153847,,111.92307692307692,7.376363636363636,4.299090909090909
2004,RB,22,70.86363636363636,219.54545454545453,4.596818181818182,33.861111111111114,19.53846153846154,115.61111111111111,7.280000000000001,4.199230769230769
2004,S,26,71.92307692307692,206.5,4.5734615384615385,36.65625,16.85,121.0,7.04,4.064545454545455
2004,TE,20,76.05,263.9,4.861000000000001,31.3,20.833333333333332,112.05555555555556,7.35,4.287333333333333
2004,WR,50,73.02,204.9,4.554799999999999,34.73076923076923,18.0,119.62857142857143,7.07142857142857,4.144137931034482
2005,C,11,75.63636363636364,307.3636363636364,5.208,31.4375,26.11111111111111,104.125,7.723750000000001,4.515
2005,CB,32,70.96875,192.65625,4.443125,38.5,14.642857142857142,123.44,6.965000000000001,4.024
2005,DE,29,75.86206896551724,270.1034482758621,4.830344827586208,33.92857142857143,22.80952380952381,113.75,7.453,4.307499999999999
2005,DT,21,74.85714285714286,304.95238095238096,5.057,30.666666666666668,27.0,106.61111111111111,7.809411764705883,4.582941176470588
2005,FB,7,73.28571428571429,250.0,4.845714285714286,30.4,23.4,107.8,7.38,4.376
2005,ILB,15,73.13333333333334,242.6,4.714,33.875,25.846153846153847,115.0,7.31,4.222727272727273
2005,OG,18,76.16666666666667,315.94444444444446,5.248333333333334,29.84375,25.928571428571427,101.875,7.769333333333333,4.573333333333333
2005,OLB,20,73.95,239.95,4.662500000000001,37.40625,22.333333333333332,119.8125,7.252142857142857,4.139333333333334
2005,OT,34,77.94117647058823,316.94117647058823,5.32205882352941,29.52,23.473684210526315,100.16666666666667,7.845217391304348,4.660869565217391
2005,QB,23,74.78260869565217,222.43478260869566,4.815652173913044,30.904761904761905,22.0,110.2,7.184761904761904,4.249
2005,RB,28,70.64285714285714,219.53571428571428,4.552499999999999,34.71739130434783,19.363636363636363,116.22727272727273,7.173,4.154210526315789
2005,S,28,72.25,211.5,4.575925925925926,37.26190476190476,18.17391304347826,118.3,7.183888888888889,4.088125
2005,TE,15,76.0,258.46666666666664,4.7893333333333326,34.25,21.666666666666668,115.2,7.221428571428572,4.224285714285714
2005,WR,39,72.64102564102564,200.12820512820514,4.497948717948717,36.629629629629626,,120.13636363636364,7.084090909090909,4.1375
2006,C,8,75.0,302.5,5.16625,28.071428571428573,26.0,99.85714285714286,7.688571428571429,4.614285714285715
2006,CB,29,71.27586206896552,194.13793103448276,4.493793103448276,38.4375,14.842105263157896,123.625,6.904000000000001,4.158125
2006,DE,27,75.4074074074074,265.1111111111111,4.794074074074074,34.54545454545455,25.82608695652174,115.45454545454545,7.338095238095237,4.372380952380953
2006,DT,24,74.625,306.9166666666667,5.13,31.125,28.8,106.95238095238095,7.762777777777779,4.572777777777777
2006,FB,6,72.33333333333333,244.66666666666666,4.785,31.666666666666668,24.2,108.16666666666667,7.318333333333334,4.428333333333333
2006,ILB,16,73.125,241.0,4.77125,34.785714285714285,21.272727272727273,113.07142857142857,7.204285714285713,4.269285714285714
2006,OG,15,75.86666666666666,319.46666666666664,5.321333333333333,26.863636363636363,24.8,100.36363636363636,7.931818181818182,4.767500000000001
2006,OLB,23,73.69565217391305,237.2608695652174,4.638695652173914,37.125,22.2,119.0,7.092499999999999,4.2075000000000005
2006,OT,27,78.07407407407408,317.51851851851853,5.241851851851852,27.84090909090909,22.95,100.5,7.830000000000001,4.743157894736842
2006,QB,23,74.56521739130434,222.2173913043478,4.739565217391305,32.526315789473685,22.5,110.94736842105263,7.16315789473684,4.286
2006,RB,25,69.96,213.12,4.526800000000001,33.73684210526316,19.176470588235293,115.42105263157895,7.0522222222222215,4.304375
2006,S,30,72.33333333333333,208.86666666666667,4.580333333333332,37.44642857142857,15.423076923076923,122.78571428571429,6.939473684210528,4.1605
2006,TE,20,76.2,257.55,4.734000000000001,33.94117647058823,22.833333333333332,112.94117647058823,7.188823529411764,4.340588235294118
2006,WR,41,73.02439024390245,205.41463414634146,4.501707317073172,35.810810810810814,17.142857142857142,118.48648648648648,6.95206896551724,4.1693333333333324
2007,C,10,75.1,299.9,5.2440000000000015,27.5,28.5,101.5,7.7075000000000005,4.6075
2007,CB,28,71.07142857142857,191.67857142857142,4.477142857142858,35.095238095238095,15.16,120.55,6.9577777777777765,4.325294117647058
2007,DE,27,75.92592592592592,266.44444444444446,4.807777777777779,33.05555555555556,23.523809523809526,112.94444444444444,7.2540000000000004,4.464285714285714
2007,DT,22,74.5909090909091,304.8636363636364,5.105454545454546,28.61111111111111,27.77777777777778,106.8,7.609230769230768,4.6116666666666655
2007,FB,6,72.5,246.33333333333334,4.736666666666667,33.333333333333336,20.8,115.16666666666667,7.178333333333335,4.386666666666667
2007,ILB,16,73.25,240.125,4.709375,33.53846153846154,23.466666666666665,112.76923076923077,7.146666666666666,4.344545454545455
2007,OG,16,75.375,314.125,5.319375000000001,26.95,27.75,97.36363636363636,8.02,4.825454545454546
2007,OLB,20,73.2,236.0,4.6785,34.21052631578947,23.05263157894737,114.6,7.1225,4.318823529411766
2007,OT,24,77.125,311.0,5.1833333333333345,28.694444444444443,25.526315789473685,103.3157894736842,7.751176470588234,4.734117647058822
2007,QB,20,74.8,224.2,4.8694999999999995,30.6,21.666666666666668,108.2,7.124375,4.4475
2007,RB,28,70.60714285714286,215.5,4.559642857142857,34.84090909090909,20.5,118.26086956521739,7.057058823529413,4.323333333333333
2007,S,28,72.60714285714286,209.71428571428572,4.5492857142857135,35.32,17.28,118.6842105263158,7.033157894736842,4.289444444444444
2007,TE,15,76.86666666666666,255.33333333333334,4.815333333333333,32.535714285714285,19.818181818181817,112.07142857142857,7.162307692307692,4.463571428571428
2007,WR,49,73.0,201.9591836734694,4.495306122448978,35.575,17.333333333333332,121.71794871794872,6.918611111111113,4.2524999999999995
2008,C,7,75.57142857142857,300.14285714285717,5.259999999999999,25.5,24.2,105.57142857142857,7.577142857142857,4.617142857142857
2008,CB,34,70.8529411764706,192.7058823529412,4.445294117647059,33.54838709677419,16.071428571428573,121.46666666666667,7.03409090909091,4.222380952380952
2008,DE,24,75.54166666666667,269.625,4.884166666666668,28.970588235294116,24.263157894736842,113.0,7.361176470588235,4.515625000000001
2008,DT,18,74.66666666666667,304.8333333333333,5.155,26.26923076923077,28.25,104.08333333333333,7.713636363636365,4.733636363636363
2008,FB,7,72.28571428571429,238.42857142857142,4.67,32.416666666666664,25.166666666666668,117.16666666666667,7.121666666666666,4.424
2008,ILB,15,73.0,239.53333333333333,4.7540000000000004,29.75,23.666666666666668,114.0909090909091,7.217142857142856,4.352857142857142
2008,OG,14,76.14285714285714,311.92857142857144,5.285000000000001,24.59090909090909,26.75,104.5,7.779000000000001,4.821
2008,OLB,29,73.65517241379311,238.6206896551724,4.694137931034483,30.520833333333332,22.916666666666668,116.04545454545455,7.139473684210526,4.3795
2008,OT,27,77.37037037037037,313.74074074074076,5.262962962962963,24.357142857142858,25.48,103.73684210526316,7.801666666666666,4.797777777777778
2008,QB,20,75.15,222.35,4.8305,27.166666666666668,17.0,108.66666666666667,7.2164285714285725,4.408666666666666
2008,RB,30,70.23333333333333,208.36666666666667,4.506666666666666,31.846153846153847,21.27777777777778,119.42307692307692,6.914166666666667,4.307777777777778
2008,S,23,72.04347826086956,207.04347826086956,4.554782608695652,31.725,18.294117647058822,116.95,7.055294117647058,4.334999999999999
2008,TE,19,76.63157894736842,252.6315789473684,4.75,30.03125,20.789473684210527,115.73333333333333,7.087999999999999,4.3420000000000005
2008,WR,53,72.77358490566037,202.0,4.519811320754717,31.511904761904763,16.08,119.67441860465117,7.00102564102564,4.312631578947368
2009,C,12,75.0,301.75,5.225833333333333,28.88888888888889,27.727272727272727,99.88888888888889,7.712222222222222,4.688888888888889
2009,CB,34,70.70588235294117,192.3235294117647,4.488529411764706,36.189655172413794,16.275862068965516,122.06896551724138,6.906538461538461,4.183076923076923
2009,DE,25,75.6,267.88,4.798,32.625,24.09090909090909,111.66666666666667,7.453636363636362,4.515
2009,DT,24,74.33333333333333,308.0833333333333,5.031250000000001,30.068181818181817,28.42105263157895,104.21052631578948,7.823529411764706,4.761764705882353
2009,FB,10,73.0,246.0,4.691,34.642857142857146,23.444444444444443,113.28571428571429,7.2700000000000005,4.426
2009,ILB,14,73.0,240.28571428571428,4.695714285714287,32.55,21.916666666666668,113.15384615384616,7.1450000000000005,4.387777777777778
2009,OG,22,75.86363636363636,319.1818181818182,5.310909090909091,28.041666666666668,25.05263157894737,96.75,8.007000000000001,4.911666666666667
2009,OLB,21,73.71428571428571,240.28571428571428,4.656190476190476,34.9,23.57894736842105,116.55555555555556,7.104375000000001,4.319999999999999
2009,OT,25,77.4,313.12,5.1896,28.15,24.09090909090909,99.04761904761905,7.791052631578949,4.7905263157894735
2009,QB,21,74.47619047619048,223.14285714285714,4.862380952380953,30.375,20.25,107.15,7.210500000000001,4.4239999999999995
2009,RB,26,70.76923076923077,215.6153846153846,4.515769230769231,35.5,21.227272727272727,117.30434782608695,7.023684210526315,4.283333333333333
2009,S,21,71.95238095238095,207.76190476190476,4.505238095238095,36.475,18.105263157894736,120.95,7.0744444444444445,4.261666666666667
2009,TE,15,76.53333333333333,250.33333333333334,4.726,32.61538461538461,22.083333333333332,115.75,7.153333333333333,4.425833333333333
2009,WR,44,72.68181818181819,201.0,4.455681818181819,35.96875,15.380952380952381,120.18518518518519,6.923478260869564,4.2825
2010,C,8,75.875,303.75,5.22875,26.083333333333332,28.428571428571427,97.42857142857143,7.7128571428571435,4.775714285714287
2010,CB,33,70.96969696969697,192.9090909090909,4.493636363636363,36.13461538461539,13.8,120.10714285714286,6.862173913043478,4.196666666666667
2010,DE,23,75.78260869565217,270.82608695652175,4.846086956521738,33.294117647058826,24.555555555555557,112.6875,7.3414285714285725,4.6226666666666665
2010,DT,26,75.11538461538461,307.1923076923077,5.083846153846154,30.4,29.444444444444443,103.15,7.626111111111111,4.670000000000001
2010,FB,5,73.0,247.6,4.7700000000000005,34.9,21.5,111.8,7.240000000000001,4.4175
2010,ILB,17,73.23529411764706,243.1764705882353,4.803529411764707,34.714285714285715,25.533333333333335,114.84615384615384,7.046363636363637,4.329000000000001
2010,OG,18,76.16666666666667,314.77777777777777,5.29,26.3,26.25,96.26666666666667,7.922142857142858,4.926428571428572
2010,OLB,33,73.66666666666667,244.24242424242425,4.697272727272728,34.982142857142854,23.40740740740741,116.75,7.0924000000000005,4.340400000000001
2010,OT,20,77.75,313.6,5.204000000000001,28.705882352941178,26.27777777777778,101.6875,7.746,4.766875
2010,QB,18,74.77777777777777,224.55555555555554,4.823888888888889,32.0,19.666666666666668,108.6,7.067692307692308,4.364615384615385
2010,RB,25,71.16,214.28,4.537200000000001,35.92857142857143,18.05,116.85714285714286,6.9921428571428565,4.353125
2010,S,27,72.22222222222223,209.74074074074073,4.551481481481481,35.90909090909091,16.56,119.47826086956522,6.975714285714284,4.274000000000001
2010,TE,18,76.05555555555556,252.77777777777777,4.705555555555557,34.68181818181818,21.307692307692307,114.5,7.018750000000001,4.4225
2010,WR,46,72.54347826086956,201.2608695652174,4.513478260869566,35.986486486486484,14.777777777777779,117.45945945945945,6.88448275862069,4.308125
2011,C,9,74.66666666666667,302.8888888888889,5.1933333333333325,28.22222222222222,29.125,100.66666666666667,7.633333333333334,4.597777777777778
2011,CB,35,71.37142857142857,193.54285714285714,4.482857142857143,35.171875,15.821428571428571,119.71875,6.8342307692307696,4.108846153846153
2011,DE,26,75.61538461538461,272.2307692307692,4.8196153846153855,31.863636363636363,23.555555555555557,113.71428571428571,7.185499999999999,4.403499999999999
2011,DT,24,74.41666666666667,308.9583333333333,5.08875,27.976190476190474,28.52173913043478,103.21052631578948,7.586500000000001,4.6519047619047615
2011,FB,7,72.71428571428571,244.85714285714286,4.824285714285715,31.416666666666668,22.166666666666668,111.0,7.167999999999999,4.422
2011,ILB,15,73.4,242.13333333333333,4.722,33.59090909090909,21.416666666666668,115.36363636363636,7.06125,4.264
2011,OG,22,76.0,311.90909090909093,5.341363636363637,27.323529411764707,24.352941176470587,97.58823529411765,7.792941176470589,4.764444444444445
2011,OLB,23,73.34782608695652,245.2608695652174,4.679565217391305,33.11363636363637,24.2,115.4090909090909,7.123333333333332,4.355238095238096
2011,OT,24,77.66666666666667,319.125,5.2629166666666665,28.675,26.1,101.84210526315789,7.832777777777778,4.781666666666666
2011,QB,18,75.44444444444444,228.44444444444446,4.80111111111111,32.0,,114.47058823529412,6.931764705882353,4.232941176470589
2011,RB,34,70.1470588235294,213.8235294117647,4.535000000000002,34.82142857142857,21.225806451612904,116.62068965517241,6.982857142857142,4.229642857142858
2011,S,21,72.0,207.9047619047619,4.576666666666667,33.421052631578945,18.055555555555557,117.38888888888889,6.896000000000001,4.136470588235295
2011,TE,15,76.33333333333333,253.33333333333334,4.722,34.26923076923077,21.642857142857142,114.84615384615384,6.9991666666666665,4.321666666666666
2011,WR,46,72.78260869565217,202.56521739130434,4.496086956521739,35.81578947368421,15.333333333333334,121.33333333333333,6.829142857142858,4.187222222222221
2012,C,7,74.71428571428571,306.7142857142857,5.248571428571428,27.5,27.142857142857142,98.4,7.872,4.726000000000001
2012,CB,36,70.66666666666667,193.0,4.504444444444444,34.46774193548387,15.607142857142858,119.2258064516129,6.889583333333334,4.1184
2012,DE,24,75.66666666666667,270.3333333333333,4.792916666666666,32.595238095238095,25.705882352941178,113.14285714285714,7.216500000000001,4.398571428571429
2012,DT,29,74.93103448275862,304.7931034482759,5.049655172413794,29.782608695652176,30.17391304347826,105.45454545454545,7.522499999999999,4.58
2012,FB,4,73.0,242.0,4.6475,35.625,18.0,119.25,7.032500000000001,4.2175
2012,ILB,12,73.41666666666667,244.41666666666666,4.678333333333334,34.083333333333336,22.11111111111111,116.0,7.044999999999999,4.218571428571429
2012,OG,20,76.0,314.75,5.26,28.13888888888889,26.0,100.6875,7.84,4.765294117647059
2012,OLB,25,73.6,243.44,4.6672,34.104166666666664,23.416666666666668,117.0,7.141578947368421,4.300000000000001
2012,OT,27,77.4074074074074,314.9259259259259,5.243333333333333,27.695652173913043,24.291666666666668,100.80952380952381,7.780952380952381,4.823333333333333
2012,QB,19,74.89473684210526,220.68421052631578,4.746315789473685,32.86666666666667,14.0,111.25,7.044615384615384,4.302307692307692
2012,RB,27,69.77777777777777,212.66666666666666,4.502222222222222,34.891304347826086,20.9,117.35,7.052105263157894,4.222777777777778
2012,S,23,72.17391304347827,207.82608695652175,4.551304347826088,34.75,17.736842105263158,122.2,6.969444444444444,4.224210526315789
2012,TE,12,76.08333333333333,249.0,4.700833333333333,33.0625,22.444444444444443,117.0,7.114285714285714,4.3933333333333335
2012,WR,47,72.36170212765957,202.2340425531915,4.477872340425533,35.8974358974359,15.435897435897436,120.16666666666667,6.934615384615385,4.168461538461539
2013,C,9,75.33333333333333,307.0,5.32888888888889,25.833333333333332,24.857142857142858,98.16666666666667,7.71,4.79
2013,CB,36,71.02777777777777,192.88888888888889,4.490000000000001,35.34848484848485,13.3125,122.72727272727273,6.878800000000001,4.160384615384616
2013,DE,24,76.16666666666667,265.5833333333333,4.812083333333333,33.14705882352941,24.38888888888889,116.88235294117646,7.1315384615384625,4.463846153846154
2013,DT,25,74.92,314.2,5.143600000000001,27.794117647058822,28.823529411764707,104.23529411764706,7.67,4.7318750000000005
2013,FB,5,72.4,238.8,4.831999999999999,31.875,25.2,113.25,7.276666666666667,4.47
2013,ILB,14,73.35714285714286,242.0,4.778571428571429,32.166666666666664,21.181818181818183,116.27272727272727,7.265714285714286,4.417142857142857
2013,OG,20,75.65,316.35,5.2509999999999994,25.5,26.125,101.125,7.824666666666668,4.8325
2013,OLB,26,73.61538461538461,241.84615384615384,4.705769230769231,34.96666666666667,22.764705882352942,120.25,7.095384615384616,4.314615384615385
2013,OT,29,77.58620689655173,313.44827586206895,5.194827586206896,27.695652173913043,25.272727272727273,104.77272727272727,7.747272727272727,4.749565217391304
2013,QB,16,75.4375,225.125,4.850625,30.291666666666668,15.0,112.0,7.138333333333333,4.375
2013,RB,33,69.54545454545455,209.9090909090909,4.590000000000001,33.875,20.26923076923077,118.92857142857143,6.962999999999999,4.277619047619048
2013,S,24,71.83333333333333,210.45833333333334,4.5841666666666665,36.5,17.88888888888889,124.0,6.871538461538462,4.176
2013,TE,19,76.63157894736842,252.42105263157896,4.766842105263158,33.07142857142857,18.866666666666667,114.78571428571429,7.139230769230769,4.429230769230769
2013,WR,38,72.71052631578948,203.44736842105263,4.505263157894737,34.60294117647059,13.266666666666667,120.97142857142858,6.9068,4.2551612903225795
2014,C,12,75.58333333333333,306.0833333333333,5.224166666666667,26.38888888888889,26.0,104.75,7.78875,4.6175
2014,CB,39,71.05128205128206,194.35897435897436,4.513333333333334,36.69642857142857,14.294117647058824,122.88888888888889,6.941666666666666,4.2057692307692305
2014,DE,24,76.08333333333333,266.4166666666667,4.848695652173913,32.94444444444444,21.3,116.05555555555556,7.2700000000000005,4.421250000000001
2014,DT,27,74.74074074074075,307.51851851851853,5.106538461538462,28.325,26.88,103.3,7.767333333333331,4.67125
2014,FB,4,74.0,251.0,4.8075,30.5,23.5,112.0,7.313333333333333,4.41
2014,ILB,12,73.08333333333333,243.0,4.8127272727272725,33.27777777777778,23.875,116.0,7.138571428571427,4.2871428571428565
2014,OG,21,76.0,313.5238095238095,5.243809523809524,27.02777777777778,27.0,102.82352941176471,7.8149999999999995,4.6925
2014,OLB,26,74.5,243.19230769230768,4.7,35.30434782608695,22.55,119.0,7.1416666666666675,4.291666666666667
2014,OT,17,78.0,316.47058823529414,5.213529411764705,27.0,27.0,102.84615384615384,7.813846153846155,4.7238461538461545
2014,QB,19,74.57894736842105,220.73684210526315,4.858235294117647,29.970588235294116,,108.76470588235294,7.133750000000001,4.286470588235295
2014,RB,32,70.46875,213.5625,4.577187499999999,34.81666666666667,19.041666666666668,119.86666666666666,7.066,4.268421052631578
2014,S,20,72.0,205.0,4.568421052631581,34.6764705882353,15.235294117647058,118.29411764705883,7.073571428571429,4.26
2014,TE,21,76.47619047619048,256.5238095238095,4.773809523809524,32.53125,22.4,117.6,7.332727272727274,4.413636363636363
2014,WR,49,72.44897959183673,200.6734693877551,4.509795918367349,35.406976744186046,13.972972972972974,120.6829268292683,6.946923076923076,4.181538461538461
2015,C,8,75.375,304.0,5.19125,27.25,25.5,103.5,7.760000000000001,4.6675
2015,CB,33,71.21212121212122,192.75757575757575,4.506060606060607,36.65,16.08695652173913,123.74193548387096,6.934814814814814,4.13
2015,DE,24,76.16666666666667,267.75,4.814166666666666,34.47222222222222,23.3,118.16666666666667,7.305,4.390625
2015,DT,26,75.0,310.88461538461536,5.123076923076923,29.863636363636363,28.764705882352942,104.36363636363636,7.74952380952381,4.6255
2015,FB,5,71.2,237.6,4.779999999999999,34.75,25.2,115.0,7.27,4.3025
2015,ILB,14,72.92857142857143,239.85714285714286,4.755,34.30769230769231,21.692307692307693,116.3076923076923,7.183333333333334,4.284999999999999
2015,OG,20,76.55,320.2,5.389,27.03125,27.083333333333332,99.8,7.906153846153844,4.743333333333333
2015,OLB,25,74.36,245.52,4.7284,34.68421052631579,22.42105263157895,118.0,7.1911764705882355,4.2988888888888885
2015,OT,25,77.4,312.8,5.2164,30.157894736842106,24.476190476190474,103.55555555555556,7.845294117647059,4.694736842105263
2015,QB,14,74.64285714285714,223.78571428571428,4.817142857142857,32.166666666666664,,112.91666666666667,7.123636363636365,4.292727272727273
2015,RB,30,70.5,214.96666666666667,4.6033333333333335,35.01851851851852,18.916666666666668,118.14814814814815,7.098000000000001,4.252380952380953
2015,S,22,72.27272727272727,205.95454545454547,4.592727272727273,34.4375,16.384615384615383,117.52941176470588,7.061249999999999,4.2299999999999995
2015,TE,18,76.27777777777777,252.55555555555554,4.811111111111111,33.85,20.0,115.7,7.331818181818182,4.471818181818182
2015,WR,45,72.6,203.88888888888889,4.502499999999999,36.07692307692308,14.290322580645162,120.71794871794872,6.9788235294117635,4.206285714285714
2016,C,9,75.33333333333333,301.8888888888889,5.20888888888889,27.1875,25.22222222222222,101.625,7.614999999999999,4.615
2016,CB,37,71.48648648648648,192.75675675675674,4.498378378378377,35.774193548387096,14.551724137931034,122.26666666666667,6.999999999999999,4.156666666666667
2016,DE,32,76.09375,269.28125,4.8793750000000005,32.339285714285715,22.807692307692307,115.17857142857143,7.30962962962963,4.457037037037037
2016,DL,3,73.33333333333333,325.3333333333333,5.253333333333333,23.5,33.0,104.0,,5.13
2016,DT,28,75.07142857142857,302.57142857142856,5.069999999999999,29.75,25.583333333333332,107.79166666666667,7.740434782608696,4.637499999999999
2016,FB,5,72.8,244.2,4.723999999999999,34.375,25.75,117.5,7.166666666666667,4.296666666666667
2016,ILB,17,73.11764705882354,240.05882352941177,4.787647058823529,31.23076923076923,19.53846153846154,115.23076923076923,7.140000000000001,4.3677777777777775
2016,OG,10,76.0,309.0,5.286,25.9375,26.555555555555557,100.55555555555556,7.7837499999999995,4.78125
2016,OLB,22,74.04545454545455,237.86363636363637,4.6881818181818184,33.13157894736842,19.666666666666668,118.26315789473684,7.123636363636364,4.357272727272727
2016,OT,34,77.44117647058823,313.3529411764706,5.238823529411762,27.571428571428573,23.333333333333332,103.29629629629629,7.958799999999999,4.795000000000001
2016,QB,18,75.33333333333333,225.61111111111111,4.837222222222222,31.166666666666668,,112.58823529411765,7.100666666666667,4.311875000000001
2016,RB,24,71.0,217.0,4.530833333333334,34.26315789473684,18.714285714285715,120.16666666666667,7.048,4.2940000000000005
2016,S,22,72.4090909090909,206.86363636363637,4.585909090909091,35.2,15.333333333333334,121.8125,7.036666666666666,4.233333333333333
2016,TE,15,76.4,248.6,4.757857142857142,32.90909090909091,17.454545454545453,116.36363636363636,7.015555555555554,4.307777777777778
2016,WR,43,72.97674418604652,203.65116279069767,4.546046511627906,34.3780487804878,13.722222222222221,121.25,6.965185185185187,4.249629629629629
2017,C,6,76.33333333333333,306.1666666666667,5.352000000000001,25.7,22.5,99.8,7.845999999999999,4.734
2017,CB,33,71.9090909090909,195.12121212121212,4.491290322580646,34.793103448275865,13.76,123.0,6.852222222222222,4.18
2017,DE,28,75.53571428571429,266.75,4.7928,32.38,23.347826086956523,118.16,7.212857142857142,4.415238095238096
2017,DT,22,75.0,305.27272727272725,5.110555555555556,27.705882352941178,23.842105263157894,106.0625,7.669375,4.649375000000001
2017,FB,2,71.0,232.5,4.84,30.0,21.5,112.5,7.46,4.395
2017,ILB,18,73.0,237.0,4.741818181818182,32.03333333333333,20.428571428571427,116.73333333333333,7.069,4.338333333333334
2017,OG,21,76.04761904761905,315.42857142857144,5.250952380952381,26.894736842105264,26.1,102.6842105263158,7.953333333333331,4.874444444444444
2017,OLB,18,74.05555555555556,241.61111111111111,4.680588235294118,33.1875,21.214285714285715,122.125,7.049999999999999,4.365
2017,OT,20,78.25,311.95,5.323571428571428,26.294117647058822,20.857142857142858,104.125,7.8135714285714295,4.819333333333333
2017,QB,15,74.8,223.66666666666666,4.790833333333333,30.692307692307693,,114.53846153846153,7.041818181818183,4.31
2017,RB,31,70.29032258064517,212.1290322580645,4.553333333333334,33.160714285714285,17.25,119.73076923076923,7.077142857142857,4.3585714285714285
2017,S,26,72.5,208.34615384615384,4.525555555555554,34.642857142857146,16.17391304347826,122.04761904761905,6.870833333333333,4.190833333333333
2017,TE,20,76.35,252.0,4.665333333333335,32.970588235294116,20.235294117647058,120.9375,7.1,4.368333333333333
2017,WR,56,72.58928571428571,201.01785714285714,4.520612244897959,33.93877551020408,12.622222222222222,122.36,6.9435,4.252195121951219
2018,C,9,75.44444444444444,305.22222222222223,5.286666666666666,27.785714285714285,23.857142857142858,104.57142857142857,7.704285714285713,4.700000000000001
2018,CB,41,71.82926829268293,191.390243902439,4.499722222222221,34.75,13.911764705882353,122.35714285714286,6.8111764705882365,4.191904761904763
2018,DB,2,73.5,203.0,4.46,36.0,12.5,124.5,6.72,4.23
2018,DE,16,76.3125,279.5,4.837692307692308,32.67857142857143,25.166666666666668,114.91666666666667,7.3809999999999985,4.466
2018,DT,24,75.08333333333333,309.1666666666667,5.154000000000002,28.75,28.823529411764707,103.94117647058823,7.648125,4.664375000000001
2018,EDGE,23,75.21739130434783,250.47826086956522,4.716842105263158,33.3235294117647,23.176470588235293,118.61111111111111,7.128181818181818,4.31
2018,FB,1,74.0,245.0,,,,,,
2018,ILB,15,73.53333333333333,238.6,4.716666666666667,33.6,20.642857142857142,118.66666666666667,7.065555555555557,4.299999999999999
2018,LB,3,75.0,238.0,4.57,32.5,19.0,116.66666666666667,7.005,4.32
2018,OG,14,76.28571428571429,314.07142857142856,5.291666666666667,26.96153846153846,26.545454545454547,104.07692307692308,7.740909090909091,4.7733333333333325
2018,OL,2,76.5,308.0,5.33,28.5,25.0,97.0,7.86,4.88
2018,OLB,13,74.23076923076923,234.92307692307693,4.6207692307692305,36.44444444444444,20.77777777777778,121.9,6.859999999999999,4.202
2018,OT,23,77.91304347826087,307.95652173913044,5.255,27.235294117647058,21.5625,104.11764705882354,7.816,4.803999999999999
2018,QB,19,74.73684210526316,220.6315789473684,4.855294117647059,29.529411764705884,16.0,108.88235294117646,7.09875,4.364375000000001
2018,RB,31,71.41935483870968,218.48387096774192,4.5892307692307694,34.32142857142857,17.24137931034483,119.375,7.021538461538461,4.268888888888889
2018,S,27,72.96296296296296,201.92592592592592,4.525,36.06818181818182,17.142857142857142,123.38095238095238,6.847777777777777,4.268181818181818
2018,TE,17,76.11764705882354,251.7058823529412,4.740769230769231,33.03846153846154,18.076923076923077,117.0,7.166923076923077,4.374615384615385
2018,WR,44,73.1590909090909,203.29545454545453,4.518108108108108,34.56578947368421,14.5,119.91891891891892,6.915769230769232,4.2823076923076915
2019,CB,36,72.38888888888889,197.36111111111111,4.504687499999999,37.51851851851852,13.466666666666667,124.85714285714286,6.927368421052633,4.162
2019,DL,33,75.39393939393939,295.6363636363636,5.010666666666666,30.775862068965516,26.5,110.65517241379311,7.560454545454545,4.544583333333333
2019,EDGE,24,75.58333333333333,253.95833333333334,4.691578947368421,34.55263157894737,22.61111111111111,119.27777777777777,7.155625000000001,4.382666666666666
2019,FB,1,73.0,242.0,4.89,34.0,16.0,116.0,7.35,4.32
2019,LB,36,73.13888888888889,235.91666666666666,4.640000000000001,34.625,20.962962962962962,119.68,7.072666666666667,4.246470588235294
2019,OL,23,76.1304347826087,310.4347826086956,5.1184615384615375,28.642857142857142,27.166666666666668,105.6,7.761428571428572,4.708571428571427
2019,OT,34,77.20588235294117,314.38235294117646,5.193599999999999,28.72,23.06896551724138,106.57692307692308,7.8751999999999995,4.765384615384615
2019,QB,17,74.76470588235294,220.88235294117646,4.776,31.433333333333334,,114.07142857142857,7.11,4.296923076923077
2019,RB,27,70.22222222222223,212.66666666666666,4.5618181818181816,34.06521739130435,20.32,121.22727272727273,7.176,4.3166666666666655
2019,S,29,71.86206896551724,203.82758620689654,4.542727272727273,35.270833333333336,16.428571428571427,121.48,7.008571428571429,4.203125
2019,TE,21,76.28571428571429,252.0,4.751578947368421,33.19444444444444,18.27777777777778,115.9375,7.197777777777778,4.351111111111111
2019,WR,48,73.04166666666667,204.85416666666666,4.495945945945945,36.273809523809526,14.666666666666666,122.71428571428571,7.081379310344829,4.28
2020,CB,35,71.22857142857143,193.37142857142857,4.496206896551725,36.166666666666664,14.956521739130435,125.69565217391305,7.005999999999999,4.2069230769230765
2020,DL,46,75.30434782608695,285.39130434782606,4.930526315789474,30.3125,24.473684210526315,114.20689655172414,7.5881481481481465,4.615000000000001
2020,LB,44,74.04545454545455,239.9090909090909,4.666333333333332,34.12903225806452,18.962962962962962,121.51612903225806,7.095555555555555,4.30578947368421
2020,OL,52,76.51923076923077,315.40384615384613,5.200500000000001,28.90277777777778,25.153846153846153,107.02857142857142,7.896400000000001,4.815000000000001
2020,QB,17,75.23529411764706,222.76470588235293,4.786153846153846,31.923076923076923,,116.0,7.244166666666668,4.5075
2020,RB,30,69.7,212.46666666666667,4.561428571428571,35.357142857142854,19.434782608695652,121.70370370370371,7.105454545454546,4.281875
2020,S,26,71.96153846153847,205.80769230769232,4.558000000000002,35.9,17.666666666666668,125.36842105263158,6.894,4.22
2020,TE,20,76.1,250.45,4.753529411764706,34.0,19.307692307692307,117.06666666666666,7.2069230769230765,4.377692307692308
2020,WR,55,73.18181818181819,205.21818181818182,4.515333333333332,36.141304347826086,14.757575757575758,123.74418604651163,7.1336,4.3796
2021,C,3,75.0,300.6666666666667,5.11,32.0,31.0,109.0,7.33,4.52
2021,CB,22,70.68181818181819,190.22727272727272,4.4915,35.523809523809526,14.631578947368421,122.75,7.063684210526315,4.240526315789474
2021,DB,59,71.66101694915254,195.66101694915255,4.532962962962963,35.92982456140351,14.490196078431373,124.03636363636363,7.058200000000002,4.29921568627451
2021,DE,19,74.78947368421052,256.8421052631579,4.779333333333333,33.3125,22.4375,115.8125,7.225384615384616,4.416666666666667
2021,DL,38,74.94736842105263,285.55263157894734,4.972727272727273,31.47941176470588,27.129032258064516,110.81818181818181,7.556538461538461,4.654166666666667
2021,DT,13,74.84615384615384,303.61538461538464,5.2263636363636365,29.2,25.77777777777778,103.6,7.665555555555555,4.716
2021,FB,2,73.0,235.5,4.91,33.0,23.0,112.0,7.205,4.359999999999999
2021,LB,42,73.14285714285714,232.95238095238096,4.700263157894737,33.98571428571429,20.5625,118.05882352941177,7.19848484848485,4.379117647058823
2021,OL,64,76.03125,305.4375,5.226428571428571,28.689655172413794,25.28846153846154,105.30357142857143,7.739803921568627,4.749019607843137
2021,OLB,6,75.0,252.66666666666666,4.703333333333334,33.0,21.6,121.4,7.281999999999999,4.395999999999999
2021,OT,6,76.83333333333333,309.6666666666667,5.180000000000001,30.6,26.6,108.4,7.586,4.723999999999999
2021,QB,18,74.22222222222223,216.77777777777777,4.777142857142857,31.5,21.0,114.25,7.123076923076923,4.381538461538461
2021,RB,40,69.3,206.275,4.5714999999999995,34.01315789473684,18.08823529411765,117.67567567567568,7.118888888888888,4.361142857142857
2021,S,16,71.1875,201.1875,4.542857142857143,35.84615384615385,16.454545454545453,123.27272727272727,7.0744444444444445,4.236
2021,TE,29,75.51724137931035,246.93103448275863,4.774545454545454,32.76086956521739,19.8,116.0,7.217368421052631,4.4445
2021,WR,63,72.3015873015873,199.6031746031746,4.518833333333333,35.24576271186441,14.477272727272727,122.5,7.02811320754717,4.291785714285714
2022,C,10,75.7,304.6,5.1325,29.0,24.666666666666668,110.28571428571429,7.508,4.628
2022,CB,38,72.36842105263158,190.23684210526315,4.452903225806451,36.8,16.0,126.0,6.48,3.94
2022,DE,12,76.58333333333333,269.1666666666667,4.768749999999999,33.0,20.5,118.25,6.956666666666667,4.303333333333334
2022,DT,22,75.95454545454545,312.8181818181818,5.101538461538461,28.192307692307693,23.0,108.08333333333333,7.7620000000000005,4.664285714285714
2022,EDGE,18,75.83333333333333,251.88888888888889,4.645833333333333,35.142857142857146,23.0,121.28571428571429,7.16,4.3500000000000005
2022,LB,32,73.6875,235.09375,4.617391304347826,36.09615384615385,22.857142857142858,123.26923076923077,7.09857142857143,4.352500000000001
2022,OG,24,76.375,315.1666666666667,5.175909090909091,26.88095238095238,26.1,105.63636363636364,7.787777777777777,4.7735
2022,OT,24,78.16666666666667,318.1666666666667,5.103999999999999,26.775,24.6,106.85,7.809230769230769,4.73375
2022,QB,15,73.86666666666666,215.93333333333334,4.7725,31.444444444444443,,117.25,7.131428571428571,4.33
2022,RB,36,70.63888888888889,209.25,4.495555555555556,33.03225806451613,21.833333333333332,120.4,,
2022,S,23,72.78260869565217,204.04347826086956,4.445999999999999,35.766666666666666,18.22222222222222,124.17647058823529,6.821428571428571,4.256666666666667
2022,TE,21,76.80952380952381,248.33333333333334,4.733333333333333,32.88461538461539,19.2,118.5,7.098750000000001,4.414
2022,WR,40,72.85,195.85,4.4790625,34.779411764705884,15.0,124.11764705882354,7.116428571428571,4.343846153846154
2023,C,10,75.8,304.8,5.261428571428572,28.444444444444443,,104.5,7.783333333333334,4.674
2023,CB,37,72.48648648648648,192.1081081081081,4.458620689655173,36.65,14.133333333333333,126.86206896551724,6.903999999999999,4.2988888888888885
2023,DB,22,72.27272727272727,200.8181818181818,4.556842105263158,35.81578947368421,17.5625,122.36842105263158,6.915,4.293333333333334
2023,DE,9,75.66666666666667,272.1111111111111,4.758571428571428,33.214285714285715,25.2,118.28571428571429,7.494999999999999,4.52
2023,DT,19,75.21052631578948,306.57894736842104,5.057999999999999,29.192307692307693,24.833333333333332,107.75,7.614545454545453,4.782222222222223
2023,EDGE,35,75.82857142857142,254.11428571428573,4.618095238095238,33.083333333333336,22.65,120.08333333333333,7.147142857142858,4.438
2023,FB,1,73.0,230.0,,,,,,
2023,LB,22,73.5,230.22727272727272,4.545,33.833333333333336,22.3,121.06666666666666,7.0840000000000005,4.365
2023,OG,17,76.41176470588235,315.6470588235294,5.2176923076923085,28.76923076923077,,105.91666666666667,7.7909999999999995,4.769166666666666
2023,OT,24,77.5,312.0833333333333,5.14625,29.88888888888889,,108.21052631578948,7.603333333333334,4.695
2023,QB,15,74.0,212.86666666666667,4.591428571428572,34.72222222222222,,119.77777777777777,7.101666666666667,4.351666666666667
2023,RB,26,70.38461538461539,207.8846153846154,4.510000000000001,35.11764705882353,,121.78571428571429,7.075,4.54
2023,TE,20,77.2,250.85,4.673076923076923,34.892857142857146,20.666666666666668,120.93333333333334,7.081999999999999,4.261428571428572
2023,WR,50,72.78,198.08,4.496279069767442,36.4625,17.23076923076923,126.26190476190476,6.942857142857143,4.28842105263158
2024,C,17,75.82352941176471,307.47058823529414,5.164444444444445,31.2,,106.6,7.412857142857143,4.5200000000000005
2024,CB,42,72.0952380952381,189.73809523809524,4.45793103448276,37.5,14.88888888888889,126.26923076923077,6.942857142857143,4.181
2024,DE,4,77.0,280.0,4.785,34.25,21.0,114.75,7.51,4.79
2024,DT,24,75.41666666666667,304.0,5.039473684210527,29.61904761904762,27.3,108.3,7.638000000000001,4.717272727272728
2024,EDGE,27,75.4074074074074,251.62962962962962,4.655263157894737,34.76190476190476,23.0,121.36842105263158,7.21,4.36
2024,G,24,76.25,313.0,5.189473684210526,29.204545454545453,,107.71428571428571,7.765833333333333,4.6658333333333335
2024,LB,25,73.16,231.8,4.6160000000000005,33.970588235294116,18.428571428571427,118.3529411764706,7.169999999999999,4.386
2024,OT,29,78.17241379310344,320.7241379310345,5.137619047619049,29.952380952380953,,109.52631578947368,7.713333333333332,4.73
2024,QB,14,74.28571428571429,216.28571428571428,4.78,32.3,,114.0,7.105,4.2925
2024,RB,29,70.13793103448276,210.27586206896552,4.519047619047619,35.30952380952381,21.727272727272727,120.95,6.884,4.238888888888889
2024,SAF,25,72.48,204.44,4.5336842105263155,36.3,17.428571428571427,122.6,6.855,4.255
2024,TE,16,76.25,247.9375,4.644545454545454,35.1,28.0,120.7,7.0685714285714285,4.314285714285715
2024,WR,39,72.43589743589743,196.05128205128204,4.442666666666667,37.91935483870968,15.916666666666666,125.61290322580645,6.887777777777779,4.17
2025,C,8,75.75,307.5,5.093999999999999,31.125,,109.5,7.595,4.6375
2025,CB,34,72.02941176470588,190.85294117647058,4.442916666666666,34.95454545454545,15.571428571428571,123.85714285714286,6.906666666666666,4.194999999999999
2025,CB/WR,1,72.0,188.0,,,,,,
2025,DT,40,75.675,308.65,5.07,30.232142857142858,26.11111111111111,108.95833333333333,7.6275,4.6466666666666665
2025,EDGE,34,75.76470588235294,260.0882352941176,4.676111111111111,34.5,24.733333333333334,121.1,7.236,4.4425
2025,G,17,77.05882352941177,313.70588235294116,5.146,29.35,,106.8,7.724285714285714,4.715714285714285
2025,LB,28,73.57142857142857,231.60714285714286,4.598750000000001,35.6,22.428571428571427,120.2,7.224285714285713,4.372857142857143
2025,OT,26,78.07692307692308,318.9230769230769,5.132857142857143,31.321428571428573,,108.13333333333334,7.7871428571428565,4.73875
2025,QB,16,74.625,217.875,4.66,33.0,,117.75,7.16,4.3133333333333335
2025,RB,31,70.64516129032258,210.83870967741936,4.4825,36.145833333333336,17.666666666666668,122.91304347826087,7.045,4.303750000000001
2025,SAF,21,72.23809523809524,202.52380952380952,4.4813333333333345,36.1,15.857142857142858,124.84615384615384,7.006666666666667,4.287142857142857
2025,TE,21,76.80952380952381,249.14285714285714,4.755000000000001,34.06666666666667,23.6,118.64285714285714,7.1325,4.385555555555555
2025,WR,48,73.125,196.95833333333334,4.460000000000002,35.90277777777778,16.25,124.51515151515152,6.849166666666666,4.199166666666667
2026,C,10,76.3,305.3,5.021666666666667,30.6,30.0,109.83333333333333,7.623333333333334,4.705
2026,CB,32,72.40625,190.09375,4.450500000000001,38.30434782608695,15.285714285714286,126.7,7.109999999999999,4.2620000000000005
2026,DT,29,75.06896551724138,310.6551724137931,4.991333333333333,31.0625,28.0,109.71428571428571,8.023999999999997,4.814285714285715
2026,EDGE,35,76.02857142857142,254.11428571428573,4.688,36.205882352941174,26.333333333333332,122.0,6.95,4.43
2026,FB,1,74.0,252.0,,,,,,
2026,G,22,77.0,318.09090909090907,5.154285714285714,29.9375,25.833333333333332,105.88235294117646,7.659999999999999,4.711666666666667
2026,LB,28,74.32142857142857,231.42857142857142,4.553333333333334,38.285714285714285,23.5,123.78571428571429,7.081,4.317
2026,OT,23,78.21739130434783,318.4782608695652,5.0884210526315785,31.36842105263158,25.75,110.52941176470588,7.862499999999999,4.88
2026,QB,15,74.73333333333333,219.2,4.602857142857142,36.916666666666664,,122.5,7.153333333333333,4.335
2026,RB,20,70.85,208.35,4.448,36.4,20.714285714285715,122.27272727272727,7.32,4.4075
2026,SAF,22,72.9090909090909,200.5909090909091,4.423571428571429,37.09375,15.5,125.41666666666667,,4.31
2026,TE,27,76.51851851851852,247.14814814814815,4.626111111111111,36.333333333333336,23.77777777777778,121.61111111111111,7.2875,4.3533333333333335
2026,WR,46,73.06521739130434,196.67391304347825,4.437647058823529,36.86666666666667,19.666666666666668,126.44,6.964285714285714,4.287142857142857
